Name,Handle,Timestamp,Verified,Content,Comments,Retweets,Likes,Analytics,Tags,Mentions,Emojis,Profile Image,Tweet Link,Tweet ID
Obay Corinthians,@ObayCSGO,2025-04-11T00:56:10.000Z,False,"Quem é a burguesia?

Sabe que 90% dos ricos do Brasil estão em Brasília ou no funcionalismo público?

Quem paga isso é quem não tem saneamento básico

E ai votamos em pessoas que aumentam farra e mamata

Eu defendo um estado enxuto mas forte",1,0,0,11,[],[],[],https://pbs.twimg.com/profile_images/1509241308124172300/AiUzRqOA_bigger.jpg,https://x.com/ObayCSGO/status/1910497066578571406,tweet_id:1910497066578571406
ABCdoABC,@abcdoabc,2025-03-18T16:21:29.000Z,True,Trabalhadores protestam em Brasília contra privatização do saneamento público,0,0,0,7,[],[],[],https://pbs.twimg.com/profile_images/952959897284554753/-F0IDtt7_bigger.jpg,https://x.com/abcdoabc/status/1902032622726832416,tweet_id:1902032622726832416
João Silva Brasília,@bsb_joaosilva,2024-11-23T23:40:16.000Z,False,"Não entendi, .

O Instituto  passou anos dizendo que única saída para o saneamento era a privatização.

Agora que a lei está valendo o mesmo instituto diz que é preciso mais investimento público pra resolver?",0,0,0,37,[],"['@jornalnacional', '@tratabrasil']",[],https://pbs.twimg.com/profile_images/1123022306329206784/YlhpIOFY_bigger.png,https://x.com/bsb_joaosilva/status/1860468439560651194,tweet_id:1860468439560651194
Claudio Dorneles,@ClaudioDornele1,2024-08-21T13:50:53.000Z,False,"Quem disse q não tem saneamento básico no Brasil? Essa é a imagem do esgoto há céu aberto em Brasília,maior desperdício do dinheiro público atualmente!",0,0,0,6,[],[],[],https://pbs.twimg.com/profile_images/1550132222358863872/XCkZmN-y_bigger.jpg,https://x.com/ClaudioDornele1/status/1826255657529639189,tweet_id:1826255657529639189
João Silva Brasília,@bsb_joaosilva,2024-04-06T17:03:59.000Z,False,"Está acontecendo um festival de RODEIO no Parque da Cidade. É isso: não importa hospitais, UPAs, transporte público, drenagem, saneamento, iluminação, segurança. Basta alimentar o gado.",0,0,0,194,[],[],[],https://pbs.twimg.com/profile_images/1123022306329206784/YlhpIOFY_bigger.png,https://x.com/bsb_joaosilva/status/1776657114179547427,tweet_id:1776657114179547427
pablo,@pablocrvg_98,2024-02-28T22:27:43.000Z,False,"enquanto isso tem lugares sem saneamento básico, sem educação d qualidade, sem saúde, sem segurança. Papo reto, essa farra que vocês fazem com o dinheiro público só vai acabar quando cair uma bomba em Brasília.",0,0,0,18,[],[],[],https://pbs.twimg.com/profile_images/1398449882088853508/t_dh3m27_bigger.jpg,https://x.com/pablocrvg_98/status/1762967846303203377,tweet_id:1762967846303203377
Medo e Delírio em Brasília,@medoedeliriobr,2024-02-17T02:45:11.000Z,False,"Bom retrato do privatismo brasileiro: o governo de SP publicou o novo modelo de REGULAÇÃO da Sabesp, que reduz brutalmente o poder da agência... REGULADORA! O mercado elogia, mas ainda assim chora!

(ARSESP é a agência reguladora de saneamento público}https://braziljournal.com/sabesp-as-regras-do-jogo-depois-da-privatizacao/…",2,32,234,12K,[],[],[],https://pbs.twimg.com/profile_images/1371786451155816454/PQe3_WgN_bigger.jpg,https://x.com/medoedeliriobr/status/1758683983649358203,tweet_id:1758683983649358203
Thomaztvrs,@thomaztvrs,2023-12-26T23:21:51.000Z,False,"Já morei em vários lugares. Quatro capitais: Belém, BH, São Paulo e agora Brasília. Todas têm problemas: habitação, transporte público, saneamento, violência, facções criminosas, trânsito horrível. São problemas estruturais do nosso país gente.",0,0,3,122,[],[],[],https://pbs.twimg.com/profile_images/1903882050064855040/qxYjCtvc_bigger.jpg,https://x.com/thomaztvrs/status/1739788645433770265,tweet_id:1739788645433770265
Impostuinte™,@ReginaBrasilia,2023-11-30T20:14:23.000Z,False,"Ora pois, banheiro é uma medida genial porque engloba automaticamente saneamento no público e condição financeira para construir mais de um, no privado. E quanto mais quebra-molas, é porque o povo tem menos educação no trânsito. Precisa do primeiro e não deveria ter o segundo.",0,0,1,22,[],[],[],https://pbs.twimg.com/profile_images/1873372449024135168/BT9BOk82_bigger.jpg,https://x.com/ReginaBrasilia/status/1730319381782016394,tweet_id:1730319381782016394
MAB,@MAB_Brasil,2023-08-24T23:11:16.000Z,False," Na tarde de 15/08, o MAB esteve no lançamento da Frente Parlamentar Mista em Defesa do Saneamento Público, realizado na Câmara dos Deputados, em Brasília (DF). : Comunicação FNU#ÁguaÉDireito #AtingidosDoBrasil",2,1,9,319,"['#ÁguaÉDireito', '#AtingidosDoBrasil']",[],"['\\u270a\\U0001f3ff', '\\U0001f4a6', '\\U0001f4f8']",https://pbs.twimg.com/profile_images/1712689398163128320/u1ZEuJPV_bigger.jpg,https://x.com/MAB_Brasil/status/1694849888180150408,tweet_id:1694849888180150408
Sintaema-SP,@Sintaema,2023-08-22T21:33:07.000Z,False,"POR UM SANEAMENTO PÚBLICO! Na última semana, as articulações contra a privatização da Sabesp ganharam força. Na terça-feira (15) houve o lançamento em Brasília da Frente Parlamentar Mista em Defesa do Saneamento Público, e claro, o Sintaema marcou presença.",0,1,2,54,[],[],['\\U0001f4a7'],https://pbs.twimg.com/profile_images/1902823356774129664/uC2rJrX0_bigger.jpg,https://x.com/Sintaema/status/1694100409214779518,tweet_id:1694100409214779518
Sintaema-SP,@Sintaema,2023-08-17T18:19:17.000Z,False,"Semana de muita luta em Brasília. Do lançamento da Frente Parlamentar Mista em Defesa do Saneamento Público a tradicional Marcha das Margaridas, o Sintaema segue lutando pela garantia dos serviços básicos e por direitos. Confira!",0,0,1,79,[],[],[],https://pbs.twimg.com/profile_images/1902823356774129664/uC2rJrX0_bigger.jpg,https://x.com/Sintaema/status/1692239693700563378,tweet_id:1692239693700563378
CTB Brasil,@PortalCTB,2023-08-16T15:08:27.000Z,False,"A CTB e o Sintaema, participaram nesta quarta (15), em Brasília, do lançamento da Frente Parlamentar em Defesa do Saneamento Público. https://ctb.org.br/noticias/meio-ambiente/frente-parlamentar-mista-em-defesa-do-saneamento-publico-e-lancada-em-brasilia/…",1,0,1,21,[],[],[],https://pbs.twimg.com/profile_images/1640809195556552704/3zBC0j7C_bigger.jpg,https://x.com/PortalCTB/status/1691829281008054486,tweet_id:1691829281008054486
Sintaema,@SintaemaSC,2023-08-16T13:54:14.000Z,False,"Lançada em Brasília, a Frente Parlamentar Mista em Defesa do Saneamento Público. #ÁguaÉdoPovohttp://sintaema.org.br/site/2023/08/16/lancada-em-brasilia-a-frente-parlamentar-mista-em-defesa-do-saneamento-publico/…",0,0,0,6,['#ÁguaÉdoPovo'],[],[],https://pbs.twimg.com/profile_images/1637850420105162754/eM2oNtNp_bigger.jpg,https://x.com/SintaemaSC/status/1691810602014867950,tweet_id:1691810602014867950
Sintaema-SP,@Sintaema,2023-08-15T23:43:22.000Z,False,"O Sintaema esteve nesta quarta-feira (15) em Brasília para o lançamento da Frente Parlamentar em Defesa do Saneamento Público. “Hoje é um dia muito importante, de grandes mobilizações e vitórias para o setor”, declarou José Faggian, presidente do Sindicato. +",1,0,3,59,[],[],[],https://pbs.twimg.com/profile_images/1902823356774129664/uC2rJrX0_bigger.jpg,https://x.com/Sintaema/status/1691596474793054613,tweet_id:1691596474793054613
Grigorio Rocha,@grigoriorocha,2023-08-15T23:13:24.000Z,False,"Em um grande evento político foi lançada hoje, dia 15 de agosto, em Brasília, a Frente Parlamentar Mista em Defesa do Saneamento Público. O momento é de unidade em torno de uma causa maior: a defesa do saneamento público.https://fnucut.org.br/41349/lancada-frente-parlamentar-mista-em-defesa-do-saneamento-publico/…",0,0,0,4,[],[],[],https://pbs.twimg.com/profile_images/1171709328/Grig_rio_bigger.JPG,https://x.com/grigoriorocha/status/1691588932259987703,tweet_id:1691588932259987703
FNU - Urbanitários,@FNUCUT,2023-08-15T18:21:04.000Z,False,URBANITÁRIOS EM BRASÍLIA NA LUTA EM DEFESA DO SANEAMENTO PÚBLICO#ÁguaÉdoPovo,1,2,8,792,['#ÁguaÉdoPovo'],[],[],https://pbs.twimg.com/profile_images/1869426037353807872/FWlNfiPG_bigger.png,https://x.com/FNUCUT/status/1691515363932913665,tweet_id:1691515363932913665
Sintaema,@SintaemaSC,2023-08-14T21:17:52.000Z,False,"O presidente do SintaemaSC, Leonardo Lacerda, estará em Brasília, amanhã no lançamento da Frente em Defesa do Saneamento Público, junto de várias entidades de todo o Brasil, em defesa da universalização do saneamento, das empresas públicas e dos trabalhadores e trabalhadoras.",1,0,0,20,[],[],[],https://pbs.twimg.com/profile_images/1637850420105162754/eM2oNtNp_bigger.jpg,https://x.com/SintaemaSC/status/1691197470657675264,tweet_id:1691197470657675264
Sintaema,@SintaemaSC,2023-08-14T20:47:28.000Z,False,"O Coletivo Nacional de Saneamento (CNS) esteve reunido em Brasília, hoje (14/8), preparando o ato de LANÇAMENTO DA FRENTE PARLAMENTAR MISTA EM DEFESA DO SANEAMENTO PÚBLICO, a partir das 15h, na Câmara dos Deputados. O presidente do SintaemaSC participou virtualmente.",0,0,0,12,[],[],[],https://pbs.twimg.com/profile_images/1637850420105162754/eM2oNtNp_bigger.jpg,https://x.com/SintaemaSC/status/1691189821580922881,tweet_id:1691189821580922881
Sintaema-SP,@Sintaema,2023-08-14T18:30:09.000Z,False,"NÃO À PRIVATIZAÇÃO DO SANEAMENTO! Convocamos a todos e todas a participarem do lançamento da Frente Parlamentar Mista em Defesa do Saneamento Público. A atividade ocorrerá AMANHÃ (15), no Auditório Nereu Ramos, em Brasília, a partir das 15h.",0,0,2,38,[],[],['\\U0001f4a7'],https://pbs.twimg.com/profile_images/1902823356774129664/uC2rJrX0_bigger.jpg,https://x.com/Sintaema/status/1691155262759948289,tweet_id:1691155262759948289
FNU - Urbanitários,@FNUCUT,2023-08-11T20:03:03.000Z,False,15 de agosto15 horasLançamento da Frente Parlamentar Mista em Defesa do Saneamento PúblicoCâmara dos Deputados – Brasília O ato contará com debate sobre a importância dos serviços públicos de saneamento e energia elétrica.,0,4,8,175,[],[],"['\\U0001f552', '\\U0001f4a7', '\\u25aa\\ufe0f', '\\u27a1\\ufe0f']",https://pbs.twimg.com/profile_images/1869426037353807872/FWlNfiPG_bigger.png,https://x.com/FNUCUT/status/1690091480352747520,tweet_id:1690091480352747520
Sindisan-SE,@sindisan_se,2023-08-11T15:45:22.000Z,False," Urbanitários de todo país realizam paralisação dia 15 de agosto contra a ameaça de privatização do saneamento.  No mesmo dia 15 de agosto será lançada a Frente Parlamentar Mista em Defesa do Saneamento Público, na Câmara dos Deputados, em Brasília.",1,0,1,54,[],[],"['\\u270a', '\\u27a1\\ufe0f']",https://pbs.twimg.com/profile_images/700669847667998723/DOoy0n2-_bigger.jpg,https://x.com/sindisan_se/status/1690026630280810496,tweet_id:1690026630280810496
#PrivatizaNão,@Vivaned1,2023-08-11T01:02:11.000Z,False," DIA 15 É DIA DE LUTA CONTRA A PRIVATIZAÇÃO DE TODO O SANEAMENTO NO PAÍS, COM PARALISAÇÕES, ATOS, PANFLETAGEM E AVISO À POPULAÇÃO No mesmo dia será lançada a Frente Parlamentar Mista em Defesa do Saneamento Público, na Câmara, em Brasíliahttps://fnucut.org.br/41257/urbanitarios-de-todo-pais-realizam-paralisacao-dia-15-de-agosto-contra-a-ameaca-de-privatizacao-do-saneamento/… ",1,0,0,33,[],[],"['\\u270a\\U0001f3fd', '\\U0001f4c6', '\\U0001f4f0', '\\u27a1\\ufe0f']",https://pbs.twimg.com/profile_images/1348764367962198016/bOqALDPi_bigger.jpg,https://x.com/Vivaned1/status/1689804371016511488,tweet_id:1689804371016511488
STIU Maranhão,@urbanitarios_ma,2023-08-10T13:43:30.000Z,False,"A Frente será lançada oficialmente no dia 15 de agosto, às 15 horas, no Auditório Nereu Ramos, na Câmara dos Deputados, em Brasília, em ato que também contará com debate sobre os serviços públicos no saneamento público e energia elétrica.

Leia mais: https://fnucut.org.br/41146/15-de-agosto-lancamento-da-frente-parlamentar-mista-em-defesa-do-saneamento/…",0,0,0,13,[],[],[],https://pbs.twimg.com/profile_images/1373320120601313286/XsZyJqQT_bigger.jpg,https://x.com/urbanitarios_ma/status/1689633575379800064,tweet_id:1689633575379800064
Ben,@bnthrttle,2023-07-29T21:27:40.000Z,False,"Esse cara é muito bom p/ falar do Rio de Janeiro e de Brasília - saneamento básico, transporte público, E. Paes, S. Cabral, F. Pezão, Lula, Bolsonaro etc.
Se sair disso ele só fala merda.",0,0,2,75,[],[],[],https://pbs.twimg.com/profile_images/1570137344920928256/P4W-7zEt_bigger.jpg,https://x.com/bnthrttle/status/1685401728844242944,tweet_id:1685401728844242944
João Marcos,@JOAOMCABOCLO40,2023-07-22T16:08:34.000Z,False,"Mas o problema todo do imposto é que os arrombados de Brasília diz que é pra melhorar os serviços do povo, trazer dignidade, melhorando as políticas públicas. Mas na verdade é uma bosta. 
Educação, saúde, transporte público, saneamento… 
E cada dia eles aumentam mais impostos.",2,0,0,28,[],[],[],https://pbs.twimg.com/profile_images/1859059947985608704/GfJfNQuk_bigger.jpg,https://x.com/JOAOMCABOCLO40/status/1682784713411272705,tweet_id:1682784713411272705
Sintaema-SP,@Sintaema,2023-07-14T21:59:14.000Z,False,"Presidente do Sintaema faz resumo da agenda de ação do Sindicato, na última terça (11) e quarta (12), em Brasília, e destaca os importantes avanços e a negociação para o lançamento da Frente Parlamentar Mista em Defesa do Saneamento Público para a primeira quinzena de agosto.",0,0,1,46,[],[],[],https://pbs.twimg.com/profile_images/1902823356774129664/uC2rJrX0_bigger.jpg,https://x.com/Sintaema/status/1679973856113565696,tweet_id:1679973856113565696
Sintaema-SP,@Sintaema,2023-07-05T23:36:41.000Z,False,"NÃO À PRIVATIZAÇÃO DO SANEAMENTO! A direção do Sintaema convoca a todos e todas a participarem do lançamento da Frente Parlamentar Mista em Defesa do Saneamento Público. A atividade ocorrerá no dia 11 de julho, no Auditório Nereu Ramos, em Brasília, a partir das 15h.",0,1,1,22,[],[],['\\U0001f4a7'],https://pbs.twimg.com/profile_images/1902823356774129664/uC2rJrX0_bigger.jpg,https://x.com/Sintaema/status/1676736891452809216,tweet_id:1676736891452809216
Sintaema-SP,@Sintaema,2023-06-14T21:54:44.000Z,False,"VITÓRIA CONTRA A PRIVATIZAÇÃO!

A Frente em defesa do Saneamento Público será criada em Brasília. Superando a marca de 200 assinaturas, com o apoio de parlamentares de diversas vertentes, conquistamos mais um apoio em defesa da água e do saneamento como serviços públicos.",1,2,4,217,[],[],[],https://pbs.twimg.com/profile_images/1902823356774129664/uC2rJrX0_bigger.jpg,https://x.com/Sintaema/status/1669101086479732737,tweet_id:1669101086479732737
CTB Brasil,@PortalCTB,2023-06-14T16:32:08.000Z,False,"Em reunião com dirigentes do  e da CTB, o deputado federal André Figueiredo (PDT-CE) confirmou seu apoio pela criação da Frente Parlamentar Mista em Defesa do Saneamento Público, formada por deputados e senadores, em Brasília. https://ctb.org.br/noticias/meio-ambiente/sintaema-e-ctb-em-defesa-do-saneamento-publico/…",0,0,5,50,[],['@Sintaema'],[],https://pbs.twimg.com/profile_images/1640809195556552704/3zBC0j7C_bigger.jpg,https://x.com/PortalCTB/status/1669019901544255495,tweet_id:1669019901544255495
Matheus Pimentel,@ummatheus,2023-06-05T16:31:19.000Z,False,"Por isso insisto: Brasília é uma Noruega cercada de Congos, e só vive em Brasília mesmo quem tem uma renda boa. O resto se lasca com péssimo transporte público e infraestrutura, péssimos serviços básicos de saúde, energia e saneamentoÉ como se a cidade de RJ fosse só Ipanema",0,0,0,30,[],[],[],https://pbs.twimg.com/profile_images/1864728250007601152/C_bfUir__bigger.jpg,https://x.com/ummatheus/status/1665758205828374529,tweet_id:1665758205828374529
Sintaema-SP,@Sintaema,2023-05-31T18:31:19.000Z,False,"A luta do Sintaema e da , junto com o conjunto dos urbanitários de todos o Brasil, segue firme em Brasília pela criação da Frente Parlamentar Mista em Defesa do Saneamento Público, formada por deputados e senadores, em Brasília.https://sintaemasp.org.br/noticias/frente-parlamentar-mista…",1,0,1,95,[],['@PortalCTB'],[],https://pbs.twimg.com/profile_images/1902823356774129664/uC2rJrX0_bigger.jpg,https://x.com/Sintaema/status/1663976466239897620,tweet_id:1663976466239897620
Sintaema-SP,@Sintaema,2023-05-16T14:50:37.000Z,False,"NÃO À PRIVATIZAÇÃO DO SANEAMENTO! A luta do Sintaema, com um conjunto dos urbanitários de todos o Brasil, segue firme em Brasília pela criação da Frente Parlamentar Mista em Defesa do Saneamento Público.

Pressione o seu deputado(a) a assinar pela criação da Frente!",0,2,0,82,[],[],['\\u270a'],https://pbs.twimg.com/profile_images/1902823356774129664/uC2rJrX0_bigger.jpg,https://x.com/Sintaema/status/1658485105885851651,tweet_id:1658485105885851651
matheus_valadao,@matheus_valadao,2023-05-11T10:11:58.000Z,False,"Parabéns. Mas vc sabe bem que a Brasília ilha da fantasia que o Kim fala é a parte em que tem idh altissimo fruto do funcionalismo público enquanto o restaurante em que a maioria dos servidores  de menor salario da câmara comem não tem saneamento básico. 
Numa ilha da (...)",2,0,0,40,[],[],[],https://pbs.twimg.com/profile_images/1667280956741353472/E2ZGArdg_bigger.jpg,https://x.com/matheus_valadao/status/1656603044321153025,tweet_id:1656603044321153025
CTB Brasil,@PortalCTB,2023-03-29T18:59:34.000Z,False,"#NãoàPrivatização Os deputados federais Jandira Feghali (RJ), líder do partido na Câmara, e Daniel Almeida (BA) reforçaram, nesta quarta (29), em Brasília, o compromisso do partido de auxiliar a luta da CTB contra a privatização do saneamento público. https://ctb.org.br/noticias/meio-ambiente/bancada-do-pcdob-reforca-compromisso-com-ctb/…",0,1,4,118,['#NãoàPrivatização'],[],['\\u270a'],https://pbs.twimg.com/profile_images/1640809195556552704/3zBC0j7C_bigger.jpg,https://x.com/PortalCTB/status/1641153141381971973,tweet_id:1641153141381971973
wEsLeY fErNaNdEs,@WESLEYF77290383,2023-02-07T19:43:39.000Z,False,"Embaixadora, Brasília é bonita.  Dizem que tem renda per capta maior que Noruega, acredita?Uma pena as  cidades satélites,  abandonadas pelo poder público brasileiro: sem educação,  saúde, saneamento básico ou transporte .",1,0,3,574,[],[],[],https://pbs.twimg.com/profile_images/1609670782623391749/tLsEmzl__bigger.jpg,https://x.com/WESLEYF77290383/status/1623044841041960979,tweet_id:1623044841041960979
IgorMoreno,@moreno903,2023-01-24T01:36:28.000Z,False,"5 feitos? Vamos lá. Autonomia do BACEN, percursos do menos Brasília mais Brasil, descentralizado o poder. 2. Lei da liberdade econômica facilitando para pessoas abrir empresas. 3. Novo marco do saneamento parceria público privada para levar saneamento básico a lugares remotos.",1,0,0,18,[],[],[],https://pbs.twimg.com/profile_images/871870731658899458/X03TSwb-_bigger.jpg,https://x.com/moreno903/status/1617697812623552512,tweet_id:1617697812623552512
Ari Sansou,@arisansou,2023-01-09T13:21:29.000Z,False,"Aí, os nossos suados milhões, bilhões que deveriam ser usados em prol do povo, na saúde, educação, saneamento, etc.. Serão usados para reconstruir o patrimônio público destruído em Brasília! 
“Desordem e Regresso” estamos no caminho certinho, SQN!",0,0,0,21,[],[],[],https://pbs.twimg.com/profile_images/1479827441430446083/xtVEVZ18_bigger.jpg,https://x.com/arisansou/status/1612439415619735552,tweet_id:1612439415619735552
Renata Magalhães,@renatapsd55,2022-09-28T00:25:37.000Z,False,"Em Brasília, lutarei com unhas e dentes por mais recursos para a saúde e a educação.

Belford Roxo precisa urgente de mais investimentos em infraestrutura e saneamento público, e vou buscar isso em Brasília.

Renata Magalhães, 5520",0,0,0,0,[],[],[],https://pbs.twimg.com/profile_images/1577809417608863745/pHe-NE_F_bigger.jpg,https://x.com/renatapsd55/status/1574918214420779010,tweet_id:1574918214420779010
Thiago Caldeira,@TcmCaldeira,2022-09-02T21:48:43.000Z,True,"Maior problema dos pobres em Brasília é a baixa densidade: 

-Serviço públicos + caros (saneamento, iluminação...);
-Inviabiliza o transp. público;
-Moradias + caras expulsa os pobres p/ longe (comum morar 50km do trabalho).

E muito ""progressista"" defendendo o status quo.",2,2,66,0,[],[],['\\U0001f635\\u200d\\U0001f4ab'],https://pbs.twimg.com/profile_images/1300849648198877188/p3E0xMR__bigger.jpg,https://x.com/TcmCaldeira/status/1565819031394852870,tweet_id:1565819031394852870
Baltar,@rbaltarpe,2022-06-07T12:21:51.000Z,False,"129 mortos, milhares de desabrigados, 70% da região metropolitana alagada, caos, povo abandonado pelo poder público e ainda tem gente que apoia um canalha que foi até Brasília e votou contra o Marco do Saneamento!
Grande Recife chora de verdade!
Nossa situação é calamitosa!",0,0,0,0,[],[],[],https://pbs.twimg.com/profile_images/1665459152959725571/1I3byGnC_bigger.jpg,https://x.com/rbaltarpe/status/1534148631183384577,tweet_id:1534148631183384577
Linda Sod// Brasília,@Lindasod,2022-05-30T12:08:18.000Z,False,"Desastres são previsíveis e reincidentes. Falta vontade do poder público de evitá-los. O Governador de Pernambuco, Paulo Câmara, pertence a um partido que votou contra o Marco do Saneamento. O Nordeste precisa se libertar da Tirania da Esquerda. Vai Recife! Acorda Nordeste!!",7,94,174,0,[],[],[],https://pbs.twimg.com/profile_images/1312779017528004608/h63z5-PA_bigger.jpg,https://x.com/Lindasod/status/1531246118373302274,tweet_id:1531246118373302274
Neli Faria,@Nelifaria,2022-04-30T13:29:27.000Z,False,"Até que enfim alguém diz de JK tudo que sempre achei. Um Oportunista que torrou dinheiro público na Construção de Brasília. Se ele  fosse um Estadista, teria empregado esse dinheiro para saneamento básico no Brasil,ferrovias. E, não se deve esquecer que  as Ferrovias",1,0,0,0,[],[],[],https://pbs.twimg.com/profile_images/1529657074283683841/Hp2spxcI_bigger.jpg,https://x.com/Nelifaria/status/1520394905222193153,tweet_id:1520394905222193153
Plinio Poletto,@PlinioPoletto,2022-04-24T09:50:21.000Z,False,"Quem queimou igreja no Chile, quem quebrou igreja em Curitiba um vereador do PT, quem não aprovou o marco de saneamento esgoto no Brasil, quem quer aprovar aborto,, quem chegou em Brasília e tirou símbolo de Cristo nos órgãos público,meu Deus,e tem cegos que não vê",2,0,0,0,[],[],[],https://pbs.twimg.com/profile_images/693054613868711937/XxFerSCf_bigger.jpg,https://x.com/PlinioPoletto/status/1518165440308121601,tweet_id:1518165440308121601
Enfermeira Karine,@AfonsecaKarine,2022-02-03T12:42:48.000Z,False,"As chuvas de SP chegaram a Brasília, quem mais sofre com a desordem da cidade é a população periférica. Que depende de um transporte público caótico, que anda em vias cobertas de lama e residem em áreas sem a mínima estrutura de saneamento básico e com riscos de alagamento.",0,0,5,0,[],[],[],https://pbs.twimg.com/profile_images/1442566037073850368/rP-aBPub_bigger.jpg,https://x.com/AfonsecaKarine/status/1489217809611689984,tweet_id:1489217809611689984
Gilvan Coelho,@GilvanCoelho1,2022-01-13T01:56:08.000Z,False,"O BRB que é um banco do governo do Distrito Federal gasta 35 milhões ano no Flamengo que nem de Brasília é. É um dinheiro público que poderia ser usado no saneamento do Gama, melhorar na saúde e na educação, mas é gasto pra ajudar a pagar Gabigol,Pedro. Se eu seguisse sua lógica.",3,0,1,0,[],[],[],https://pbs.twimg.com/profile_images/1355642402938220547/Kt-SwNDE_bigger.jpg,https://x.com/GilvanCoelho1/status/1481444922448302082,tweet_id:1481444922448302082
FNU - Urbanitários,@FNUCUT,2021-11-24T14:26:55.000Z,False,"#STFSaneamentoNãoÉMercadoComeçou o esquenta da mobilização dos urbanitários em Brasília, em defesa do saneamento público!!",0,0,1,0,['#STFSaneamentoNãoÉMercado'],[],[],https://pbs.twimg.com/profile_images/1869426037353807872/FWlNfiPG_bigger.png,https://x.com/FNUCUT/status/1463514471171768326,tweet_id:1463514471171768326
FNU - Urbanitários,@FNUCUT,2021-11-23T18:02:22.000Z,False,"TRABALHADORES FARÃO ATO EM BRASÍLIA EM DEFESA DO SANEAMENTO PÚBLICONesta quarta, 24, o STF marcou o julgamento das ADIs – Ação Direta de Inconstitucionalidade – que contestam a Lei 14.206, criada pelo Governo Bolsonaro e que abre o setor de saneamento à iniciativa privada.",1,7,13,0,[],[],[],https://pbs.twimg.com/profile_images/1869426037353807872/FWlNfiPG_bigger.png,https://x.com/FNUCUT/status/1463206305636704274,tweet_id:1463206305636704274
Diogo Rodrigues,@casperdiogo,2021-09-14T15:22:51.000Z,False,"Melhorar transporte público, melhorar as regiões administrativas para empresas se instalarem nelas e gerar empregos (descentralizando a região central de Brasília), saúde (saneamento básico, atendimento básico etc), educação e segurança etc",0,2,7,0,[],[],[],https://pbs.twimg.com/profile_images/1445633796095676422/98jVrwLl_bigger.jpg,https://x.com/casperdiogo/status/1437799008458747907,tweet_id:1437799008458747907
Agência Brasília,@AgenciaBrasilia,2021-05-25T15:46:37.000Z,False,#Caesb | A Companhia de Saneamento Ambiental do Distrito Federal (Caesb) vai realizar um processo seletivo público para a contratação de estagiários para cadastro reserva. Saiba mais: https://bit.ly/3ukhOrR,1,1,1,0,['#Caesb'],[],[],https://pbs.twimg.com/profile_images/1587505169117347840/sjjvwZ7v_bigger.jpg,https://x.com/AgenciaBrasilia/status/1397217549515993090,tweet_id:1397217549515993090
Pharael,@RaphaelJax,2021-03-28T23:46:47.000Z,False,"Você quer exemplo melhor do que Brasília? 
Que custa aproximadamente 10 % do PIB pra manter todo o funcionalismo público? 
Com aproximadamente 100 milhões de pessoas sem saneamento básico? 

É ridículo,cara. Só a França é o estado de São Paulo. Não tem como comparar.",1,0,0,0,[],[],[],https://pbs.twimg.com/profile_images/1367316846010126337/EIFC8to4_bigger.jpg,https://x.com/RaphaelJax/status/1376319891641360385,tweet_id:1376319891641360385
Bella,@Polyana35514140,2021-03-03T04:49:18.000Z,False,"Maior arrependimento foi ter saído de Brasília e ter vindo morar em Teresina , sair de uma cidade totalmente estruturada pra vir pra uma cidade q parece que nem governador tem ... Meu Deus !! Quanto descaso .  
Falta energia , falta transporte público , água , saneamento",0,0,0,0,[],['@g1piaui'],[],https://pbs.twimg.com/profile_images/1305664691163852802/2o1mpMgn_bigger.jpg,https://x.com/Polyana35514140/status/1366973935770873858,tweet_id:1366973935770873858
Assemae,@Assemae,2020-10-08T14:11:36.000Z,False,"É HOJE!!Webinar da Assemae debaterá as Parcerias Público-Públicas para a gestão do saneamento. 

Nesta quinta-feira, 08/10, a partir das 15h (hora de Brasília).

Acompanhe aqui: https://youtube.com/watch?v=HNkB5JKrDGE&feature=youtu.be…",0,0,0,0,[],[],"['\\U0001f514', '\\U0001f514']",https://pbs.twimg.com/profile_images/1888947128241618944/7H18lOLI_bigger.jpg,https://x.com/Assemae/status/1314206816302063617,tweet_id:1314206816302063617
João Vitor Gomes Corrêa,@adv_joaogomes,2020-09-27T13:59:58.000Z,False,"Cara, o Brasil precisa de um marco de transporte público igual fizeram com o saneamento básico.

Só assim pra acabar com os monopólios. Em Brasília primeiro e depois no resto do país.",0,0,0,0,[],[],[],https://pbs.twimg.com/profile_images/1823096842764058624/vA_1eZHu_bigger.jpg,https://x.com/adv_joaogomes/status/1310217620994633734,tweet_id:1310217620994633734
João Silva Brasília,@bsb_joaosilva,2020-09-23T01:11:51.000Z,False,"O dinheiro vai para as áreas prioritárias. Mas a gente pode dizer que, sempre que aumenta o gasto com segurança, sobra menos dinheiro para saneamento, transporte público, infraestrutura urbana, lazer, se preferir. ",1,0,0,0,[],[],['\\U0001f609'],https://pbs.twimg.com/profile_images/1123022306329206784/YlhpIOFY_bigger.png,https://x.com/bsb_joaosilva/status/1308574768384421888,tweet_id:1308574768384421888
ritademedeiros,@mritademedeiros,2020-08-20T11:05:37.000Z,False,"Tanta coisa para fazer em Brasília e  esses distritais estão procurando retroceder na história. Vá trabalhar bando de parasitas. Pensem na saúde, na educação, no transporte público, saneamento, e não em censura que é proibido por nossa Constituição.",0,0,0,0,[],[],[],https://pbs.twimg.com/profile_images/1087459195476156417/uYTpAS7g_bigger.jpg,https://x.com/mritademedeiros/status/1296403005961637888,tweet_id:1296403005961637888
Neli Faria,@Nelifaria,2020-04-21T14:40:19.000Z,False,"Ainda acho que JK errou! Ainda acho que o  maior desperdício de dinheiro público foi JK ter inventado Brasília. Se tivesse aplicado o dinheiro em saneamento básico, ferrovias, hoje o Brasil estaria em outro patamar. Só fui em Brasília uma vez: posse de meu Anjo da Guarda no MPF. https://t.co/4F3aRCeMIC",0,0,0,0,[],[],[],https://pbs.twimg.com/profile_images/1529657074283683841/Hp2spxcI_bigger.jpg,https://x.com/Nelifaria/status/1252608106246307842,tweet_id:1252608106246307842
Neli Faria,@Nelifaria,2020-04-21T14:40:15.000Z,False,"Ainda acho que JK errou! Ainda acho que o  maior desperdício de dinheiro público foi JK ter inventado Brasília. Se tivesse aplicado o dinheiro em saneamento básico, ferrovias, hoje o Brasil estaria em outro patamar. Só fui em Brasília uma vez: posse de meu Anjo da Guarda no MPF.",0,0,0,0,[],[],[],https://pbs.twimg.com/profile_images/1529657074283683841/Hp2spxcI_bigger.jpg,https://x.com/Nelifaria/status/1252608088751964161,tweet_id:1252608088751964161
Agência Brasília,@AgenciaBrasilia,2020-03-04T16:57:17.000Z,False,"#ConcursoPúblicoDF | Foi publicado no #DODF  desta quarta-feira (4/3) o edital do concurso público da Agência Reguladora de Águas, Energia e Saneamento Básico do Distrito Federal (Adasa). Acesse e confira: http://bit.ly/2POhOil",0,1,2,0,"['#ConcursoPúblicoDF', '#DODF']",[],[],https://pbs.twimg.com/profile_images/1587505169117347840/sjjvwZ7v_bigger.jpg,https://x.com/AgenciaBrasilia/status/1235247957739548672,tweet_id:1235247957739548672
julio cesar c c lima,@juliocesarcclim,2020-02-28T18:21:23.000Z,False,"Mas esse é o espelho do povo brasileiro até hoje, antigamente somente os negros e hoje também os brancos de olhos azuis , todos moram em favelas sem saneamento, segurança e saúde e os seus donos estão no “funcionário público” e nos políticos de Brasília.",1,0,1,0,[],[],[],https://pbs.twimg.com/profile_images/887871432780369920/ZlA2o3cA_bigger.jpg,https://x.com/juliocesarcclim/status/1233457181632192517,tweet_id:1233457181632192517
Darcy Voss conta reserva,@BarbosaVoss,2019-12-08T19:41:32.000Z,False,"Vou desenhar!!!!
$$$$$ publico é para saúde, educação, saneamento básico e infraestrutura!
Quer se candidatar? Abre a tua carteira!
O BRASIL de verdade, fora da bolha de Brasília, é um retrato da miseria! Legislam em causa própria e se apropriam do que é nosso direito básico.",0,1,1,0,[],[],[],https://pbs.twimg.com/profile_images/1745941942200934400/wFOboU3p_bigger.jpg,https://x.com/BarbosaVoss/status/1203761547505553408,tweet_id:1203761547505553408
ODoutrinador™,@Doutrinador_BR,2019-10-29T22:09:54.000Z,False,Tem é que diminuir as mamatas do funcionalismo público isso sim! O povo tem de cobrar o fim de tanta farra com dinheiro público já que o retorno a população é precário sem saneamento/segurança pública/sem saúde pública e cada vez mais impostos! MAIS BRASIL E MENOS BRASÍLIA!,0,0,0,0,[],[],[],https://pbs.twimg.com/profile_images/1254099464987566087/PHLqkxhj_bigger.jpg,https://x.com/Doutrinador_BR/status/1189303369447493633,tweet_id:1189303369447493633
FNU - Urbanitários,@FNUCUT,2019-10-29T21:02:46.000Z,False,"Representantes de sindicatos dos urbanitários de todo o país e da FNU estão em Brasília na defesa do saneamento público e de qualidade para todos os brasileiros.
PRIVATIZAR O SANEAMENTO É EXCLUIR OS MENOS FAVORECIDOS DO ACESSO AOS SERVIÇOS.#PrivatizarNÃO 
 #FNU",0,0,2,0,"['#PrivatizarNÃO', '#FNU']",[],[],https://pbs.twimg.com/profile_images/1869426037353807872/FWlNfiPG_bigger.png,https://x.com/FNUCUT/status/1189286478272176129,tweet_id:1189286478272176129
Embaixadora Bettina Cadenbach,@AmbBrasilia,2019-10-22T15:42:36.000Z,True,"Encontro excelente com governador do Piauí , Sr. Wellington Dias. Falamos sobre turismo, infraestrutura , parcerias público-privadas, cooperação nas áreas de abastecimento e de saneamento de água.",1,3,8,0,[],[],[],https://pbs.twimg.com/profile_images/1799095770236280832/OmHZC8KN_bigger.jpg,https://x.com/AmbBrasilia/status/1186669188682784774,tweet_id:1186669188682784774
FNU - Urbanitários,@FNUCUT,2019-10-15T17:21:15.000Z,False,"FNU  e as entidades presentes neste 15/10, em Brasília,  no “Seminário Nacional sobre o PL 3.261/2019. Todas as falas dos trabalhadores em defesa do saneamento público e contra entrega da água ao capital privado. #NãoàprivatizaçãodaÁgua #AguaNaoEmercadoria #FNU",0,7,8,0,"['#NãoàprivatizaçãodaÁgua', '#AguaNaoEmercadoria', '#FNU']",[],[],https://pbs.twimg.com/profile_images/1869426037353807872/FWlNfiPG_bigger.png,https://x.com/FNUCUT/status/1184157298958258176,tweet_id:1184157298958258176
Rafael Fontana,@RafaelFontana,2019-09-19T13:25:22.000Z,True,"Caixa está parcialmente sob o comando de uma quadrilha desde os anos petistas, todos em Brasília sabem bem disso.
A fraude nas LOTERIAS DA CAIXA continua a pleno vapor.
O saneamento completo do setor público levará anos.",9,12,81,0,[],[],[],https://pbs.twimg.com/profile_images/1033726541442641920/s4fyfWuM_bigger.jpg,https://x.com/RafaelFontana/status/1174675852761718786,tweet_id:1174675852761718786
Jaína Santos,@JainaSantos82,2019-08-05T17:53:25.000Z,False,Segunda azul em defesa do saneamento público e para todos#caesbpública#AguaNãoéMercadoria#aguaparatodos#caesb50anos#tratandocomamor em Caesb - Cia Água e Esgoto Brasília https://instagram.com/p/B0ypfrAjx7w/?igshid=14av11a3uvfw1…,0,0,0,0,"['#caesbpública', '#AguaNãoéMercadoria', '#aguaparatodos', '#caesb50anos', '#tratandocomamor']",[],[],https://pbs.twimg.com/profile_images/725493285024894978/PjqBAsiY_bigger.jpg,https://x.com/JainaSantos82/status/1158435855804952576,tweet_id:1158435855804952576
Sindaguarn,@Sindaguarn,2019-05-28T16:37:52.000Z,False,"Mobilização do Sindágua/DF nos gabinetes dos parlamentares potiguares em busca de apoio contra a MP 868 da Sede e da Conta Alta no Congresso Nacional em Brasília/RN. O presidente do Sindicato, Ricardo André, na frente em defesa do saneamento público.",0,1,1,0,[],[],[],https://pbs.twimg.com/profile_images/1593060331609329665/aJCXBdI0_bigger.jpg,https://x.com/Sindaguarn/status/1133412081515028481,tweet_id:1133412081515028481
Sindaguarn,@Sindaguarn,2019-05-28T15:24:19.000Z,False,"Participação do presidente do Sindágua/RN, Ricardo André, na reunião da frente em defesa do saneamento público no Congresso Nacional em Brasília/DF. #MP868NÃO",0,0,1,0,['#MP868NÃO'],[],[],https://pbs.twimg.com/profile_images/1593060331609329665/aJCXBdI0_bigger.jpg,https://x.com/Sindaguarn/status/1133393571057479681,tweet_id:1133393571057479681
Dercy Gonçalvis,@5BIaBss,2018-08-28T01:44:39.000Z,False,"A corrupção que está em Brasília, se combate com cadeia. As mazelas do roubo público, se combatem com educação, saneamento, emprego e saúde. E os criminosos comuns, que são frutos de anos de uma política de desvios públicos, devem receber o que merecem, bala ou cana.",0,0,4,0,[],[],[],https://pbs.twimg.com/profile_images/1130951143201366016/tP3rFZ52_bigger.jpg,https://x.com/5BIaBss/status/1034255409299828736,tweet_id:1034255409299828736
Não existe democracia no Brasil,@sf79,2018-07-04T20:52:18.000Z,False,"Hoje a ONG que criaram em nome desse Herzog vive de mamar $ público, recentemente recebeu mais de R$ 100 mil para falar sobre as mulheres em Brasília, gente não tem saneamento básico mas essas ONGs conseguem viver de mamar o nosso $ de imposto.",0,0,0,0,[],[],[],https://pbs.twimg.com/profile_images/1213130547058421760/7RJNa7r2_bigger.jpg,https://x.com/sf79/status/1014612893160132609,tweet_id:1014612893160132609
esquerda.net,@EsquerdaNet,2018-03-22T19:56:17.000Z,False,"Fórum Alternativo Mundial da Água, realizado em Brasília, discute a água como direito público. “Os privados pressionam para que os serviços públicos se degradem, querem menos investimento público na água e saneamento”, afirma Pedro Soares, deputado do Bloco.",0,0,0,0,[],[],[],https://pbs.twimg.com/profile_images/1364957345197998090/YDzN3pI0_bigger.jpg,https://x.com/EsquerdaNet/status/976910453975732224,tweet_id:976910453975732224
Compesa,@compesa,2017-11-29T18:44:58.000Z,False,"Entre os temas discutidos durante o seminário “Governança e Parcerias: Oportunidades para o saneamento”, que acontece em Brasília, está a medida provisória que pretende alterar a Lei nº 11.445/2007 e poderá desestruturar o saneamento público brasileiro.https://facebook.com/compesa/photos/a.342058492553817.80308.340135282746138/1549761728450148/?type=3&theater…",1,0,1,0,[],[],[],https://pbs.twimg.com/profile_images/1618646097978707969/zQEja9lc_bigger.jpg,https://x.com/compesa/status/935942678465990657,tweet_id:935942678465990657
Agência Brasília,@AgenciaBrasilia,2016-12-07T11:11:04.000Z,False,Unidades de ensino público do DF disputam prêmio para projetos de saneamento básico nesta quinta (8). Saiba mais: http://bit.ly/2h5HvL4,0,0,0,0,[],[],[],https://pbs.twimg.com/profile_images/1587505169117347840/sjjvwZ7v_bigger.jpg,https://x.com/AgenciaBrasilia/status/806455984583491584,tweet_id:806455984583491584
Assemae,@Assemae,2016-11-08T21:30:43.000Z,False,Conselho Diretor da Assemae está reunido em Brasília nos dias 08 e 09/11 para debater estratégias de apoio ao saneamento público municipal.,1,1,0,0,[],[],[],https://pbs.twimg.com/profile_images/1888947128241618944/7H18lOLI_bigger.jpg,https://x.com/Assemae/status/796102675725164548,tweet_id:796102675725164548
Thiago,@tfdps1,2016-02-10T18:31:51.000Z,False, melhor forma prevenção é investir saneamento básico e acabar farra com $ publico em Brasília. kd turma do amanhã vai ser maior ?,0,0,0,0,[],['@minsaude'],[],https://pbs.twimg.com/profile_images/677213690215710720/e-8zsRtw_bigger.jpg,https://x.com/tfdps1/status/697488164173303809,tweet_id:697488164173303809
Marcelo Hirosse,@MarceloHirosse,2015-05-06T20:35:02.000Z,False,A Companhia de Saneamento de Brasília (Caesb) assinou acordo com o Ministério Público do Trabalho no Distrito... http://fb.me/29aLPEZmY,0,0,0,0,[],[],[],https://pbs.twimg.com/profile_images/1164689162370371585/9qGdh698_bigger.jpg,https://x.com/MarceloHirosse/status/596050561885016064,tweet_id:596050561885016064
Sergio Telles,@stelles_,2014-11-20T19:51:06.000Z,False,#RadioNacional Companhia de Saneamento de Brasília lança nova forma de atendimento ao público http://dlvr.it/7Zvys8 #EBC,0,0,0,0,"['#RadioNacional', '#EBC']",[],[],https://pbs.twimg.com/profile_images/1694454977207398400/V9R7Xpy9_bigger.jpg,https://x.com/stelles_/status/535520730838863872,tweet_id:535520730838863872
Ponto de resistência,@TaNaBoa,2014-11-20T19:40:34.000Z,False,#EBCradio Companhia de Saneamento de Brasília lança nova forma de atendimento ao público http://dlvr.it/7Zvqmn,0,0,0,0,['#EBCradio'],[],[],https://pbs.twimg.com/profile_images/1270225471834402816/O8_fYoDV_bigger.jpg,https://x.com/TaNaBoa/status/535518078633652224,tweet_id:535518078633652224
Radioagência Nacional,@RadioagenciaEBC,2014-11-20T19:01:09.000Z,False,Companhia de Saneamento de Brasília lança nova forma de atendimento ao público http://radioagencianacional.ebc.com.br/geral/audio/2014-11/companhia-de-saneamento-de-brasilia-lanca-nova-forma-de-atendimento-ao-publico#.VG46S7jVgx0.twitter… via ,0,0,2,0,[],['@ebcnarede'],[],https://pbs.twimg.com/profile_images/1686741519170994176/6ZKFBlTF_bigger.jpg,https://x.com/RadioagenciaEBC/status/535508162531454976,tweet_id:535508162531454976
Nino,@Ninoprestes,2013-10-07T21:24:02.000Z,False,"Povão protestando em Brasília, Belém e SP, por transporte público, saneamento e moradia, respectivamente. Genial este novo hábito brasileiro",0,0,0,0,[],[],[],https://pbs.twimg.com/profile_images/1123266280239370241/vu4zztli_bigger.jpg,https://x.com/Ninoprestes/status/387327481314697216,tweet_id:387327481314697216
Cursos Brasília,@cursosbrasilia,2011-04-01T17:21:55.000Z,False,#cursos O concurso público da Sanesul (Empresa de Saneamento de Mato Grosso do Sul) realizado no ano ... http://migre.me/4a82n #brasilia,0,0,0,0,"['#cursos', '#brasilia']",[],[],https://abs.twimg.com/sticky/default_profile_images/default_profile_bigger.png,https://x.com/cursosbrasilia/status/53869714518183936,tweet_id:53869714518183936
Cursos Brasília,@cursosbrasilia,2011-03-25T15:05:12.000Z,False,#cursos Termina hoje o prazo para os convocados do concurso público da Companhia de Saneamento da Cap... http://migre.me/479l4 #brasilia,0,0,0,0,"['#cursos', '#brasilia']",[],[],https://abs.twimg.com/sticky/default_profile_images/default_profile_bigger.png,https://x.com/cursosbrasilia/status/51298592652132352,tweet_id:51298592652132352
Cursos Brasília,@cursosbrasilia,2011-01-19T22:56:49.000Z,False,"#cursos O concurso público da Sanesul (Empresa de Saneamento de Mato Grosso do Sul), realizado no ano... http://migre.me/3HT8C #brasilia",0,0,0,0,"['#cursos', '#brasilia']",[],[],https://abs.twimg.com/sticky/default_profile_images/default_profile_bigger.png,https://x.com/cursosbrasilia/status/27862067960614912,tweet_id:27862067960614912
Cursos Brasília,@cursosbrasilia,2010-10-12T01:49:55.000Z,False,"#cursos A CASAL- Companhia de Saneamento de Alagoas abriu as inscrições para Concurso Público, as inscri... http://migre.me/1xYI7 #brasilia",0,0,0,0,"['#cursos', '#brasilia']",[],[],https://abs.twimg.com/sticky/default_profile_images/default_profile_bigger.png,https://x.com/cursosbrasilia/status/27093783691,tweet_id:27093783691
Cursos Brasília,@cursosbrasilia,2010-09-21T23:05:40.000Z,False,#cursos As inscrições para o concurso público da Companhia de Saneamento de Alagoas (Casal) foram inicia... http://migre.me/1mUYw #brasilia,0,0,0,0,"['#cursos', '#brasilia']",[],[],https://abs.twimg.com/sticky/default_profile_images/default_profile_bigger.png,https://x.com/cursosbrasilia/status/25159923956,tweet_id:25159923956
Cursos Brasília,@cursosbrasilia,2010-09-16T23:54:12.000Z,False,#cursos As propostas sobre saneamento público e profissionalização da gestão da Companhia de Águas e Esg... http://migre.me/1k05T #brasilia,0,0,0,0,"['#cursos', '#brasilia']",[],[],https://abs.twimg.com/sticky/default_profile_images/default_profile_bigger.png,https://x.com/cursosbrasilia/status/24708918319,tweet_id:24708918319
Cursos Brasília,@cursosbrasilia,2010-06-24T00:07:40.000Z,False,#cursos Os jovens que participaram do concurso público para estágio na Sabesp (Companhia de Saneamento Bá... http://bit.ly/9hCdsd #brasilia,0,0,0,0,"['#cursos', '#brasilia']",[],[],https://abs.twimg.com/sticky/default_profile_images/default_profile_bigger.png,https://x.com/cursosbrasilia/status/16887585067,tweet_id:16887585067
